Country,GDP_per_capita
United States,76717.98734558602
Canada,49613.0189710282
Germany,48272.74235994215
United Kingdom,46050.01416198327
France,43124.81985514029
Italy,33936.88107302713
Japan,33751.92246330568
South Korea,33149.3844102128
China,12977.649725517975
India,2404.9282163927596
